quarter_start__date,quarter_label,transactions_total__LR__count,price_avg__LR__gbp,price_median__LR__gbp,price_min__LR__gbp,price_max__LR__gbp,boe_house_purchase__LPMVTVX__count,boe_remortgage__LPMB4B3__count,boe_total_secured_lending__LPMB3C8__count,boe_mfi_total_approvals__LPMZ3UP__count,mlar_gross_advances__MLAR_1_21_C_1__gbp,mlar_net_advances__MLAR_1_21_C_2__gbp,mlar_new_commitments__MLAR_1_21_C_3__gbp,mlar_imp_repayment__MLAR_1_32_C_3__pct,mlar_imp_interest_only__MLAR_1_32_C_4__pct,mlar_new_house_purchase__MLAR_1_33_C_29__gbp,mlar_new_remortgage__MLAR_1_33_C_30__gbp
1993-04-01,1993Q2,,,,,,86380.3333333333333333333333,,,84102.3333333333333333333333,,,,,,,
1993-07-01,1993Q3,,,,,,82426.6666666666666666666667,,,79820.6666666666666666666667,,,,,,,
1993-10-01,1993Q4,,,,,,81294.0000000000000000000000,,,77124.3333333333333333333333,,,,,,,
1994-01-01,1994Q1,,,,,,88960.0000000000000000000000,,,81566.6666666666666666666667,,,,,,,
1994-04-01,1994Q2,,,,,,86168.0000000000000000000000,,,82688.0000000000000000000000,,,,,,,
1994-07-01,1994Q3,,,,,,80628.0000000000000000000000,,,78321.6666666666666666666667,,,,,,,
1994-10-01,1994Q4,,,,,,83180.6666666666666666666667,,,78034.3333333333333333333333,,,,,,,
1995-01-01,1995Q1,172669,66497.12,53500.00,1.00,5610000.00,78134.3333333333333333333333,,,73349.6666666666666666666667,,,,,,,
1995-04-01,1995Q2,205143,67651.25,54950.00,49.00,3000000.00,71581.6666666666666666666667,,,68702.6666666666666666666667,,,,,,,
1995-07-01,1995Q3,212766,69768.26,55500.00,100.00,3500000.00,74310.6666666666666666666667,,,70897.3333333333333333333333,,,,,,,
1995-10-01,1995Q4,206546,67576.98,54500.00,100.00,3650000.00,81568.0000000000000000000000,,,75271.6666666666666666666667,,,,,,,
1996-01-01,1996Q1,179198,66922.51,53800.00,100.00,4400000.00,82614.0000000000000000000000,,,75448.3333333333333333333333,,,,,,,
1996-04-01,1996Q2,231892,70083.47,56000.00,1.00,5135000.00,84970.3333333333333333333333,,,82467.3333333333333333333333,,,,,,,
1996-07-01,1996Q3,271634,74097.11,58000.00,100.00,5150000.00,92682.3333333333333333333333,,,88105.0000000000000000000000,,,,,,,
1996-10-01,1996Q4,282657,73146.32,58000.00,100.00,7000000.00,101046.3333333333333333333333,,,92606.3333333333333333333333,,,,,,,
1997-01-01,1997Q1,222621,73800.07,58000.00,100.00,4237500.00,100036.0000000000000000000000,,,88985.6666666666666666666667,,,,,,,
1997-04-01,1997Q2,281728,77778.29,59999.00,150.00,6107000.00,103404.0000000000000000000000,,,94420.3333333333333333333333,,,,,,,
1997-07-01,1997Q3,308691,81269.86,62250.00,100.00,4500000.00,99026.0000000000000000000000,,,92017.6666666666666666666667,,,,,,,
1997-10-01,1997Q4,281573,80107.98,61950.00,1.00,5000000.00,85515.6666666666666666666667,16899.3333333333333333333333,123604.3333333333333333333333,111500.6666666666666666666667,,,,,,,
1998-01-01,1998Q1,212958,81731.42,61500.00,95.00,15000000.00,88054.3333333333333333333333,19406.3333333333333333333333,129712.0000000000000000000000,118989.3333333333333333333333,,,,,,,
1998-04-01,1998Q2,273506,84982.66,65000.00,1.00,4750000.00,87047.0000000000000000000000,24725.0000000000000000000000,135798.0000000000000000000000,126298.3333333333333333333333,,,,,,,
1998-07-01,1998Q3,294371,88601.92,67000.00,100.00,21500000.00,86444.3333333333333333333333,27412.0000000000000000000000,140591.0000000000000000000000,130396.3333333333333333333333,,,,,,,
1998-10-01,1998Q4,269818,85428.55,66000.00,100.00,6850000.00,83440.3333333333333333333333,27525.0000000000000000000000,142651.3333333333333333333333,130036.0000000000000000000000,,,,,,,
1999-01-01,1999Q1,218435,87601.99,66500.00,120.00,32477000.00,87713.6666666666666666666667,27096.3333333333333333333333,152224.3333333333333333333333,145021.0000000000000000000000,,,,,,,
1999-04-01,1999Q2,294831,93008.59,71000.00,110.00,8751000.00,97155.3333333333333333333333,30898.3333333333333333333333,168370.3333333333333333333333,159810.3333333333333333333333,,,,,,,
1999-07-01,1999Q3,349064,100399.99,75000.00,100.00,13650000.00,98185.6666666666666666666667,32630.3333333333333333333333,173253.3333333333333333333333,163321.0000000000000000000000,,,,,,,
1999-10-01,1999Q4,332689,99739.88,75500.00,200.00,8300000.00,95410.0000000000000000000000,27957.0000000000000000000000,165097.3333333333333333333333,152266.0000000000000000000000,,,,,,,
2000-01-01,2000Q1,252266,103184.83,76000.00,255.00,12600000.00,91665.6666666666666666666667,30599.6666666666666666666667,160032.3333333333333333333333,149490.6666666666666666666667,,,,,,,
2000-04-01,2000Q2,305157,106665.21,80000.00,225.00,8000000.00,94790.6666666666666666666667,35125.6666666666666666666667,172765.0000000000000000000000,161528.0000000000000000000000,,,,,,,
2000-07-01,2000Q3,296966,109966.07,82000.00,355.00,6870000.00,90677.6666666666666666666667,36632.3333333333333333333333,176375.3333333333333333333333,164856.6666666666666666666667,,,,,,,
2000-10-01,2000Q4,275137,109725.08,82167.00,146.00,8000000.00,96886.3333333333333333333333,42806.3333333333333333333333,190119.3333333333333333333333,178624.0000000000000000000000,,,,,,,
2001-01-01,2001Q1,237248,111354.29,83950.00,100.00,11350000.00,99510.6666666666666666666667,53602.0000000000000000000000,213416.3333333333333333333333,203861.3333333333333333333333,,,,,,,
2001-04-01,2001Q2,320972,117941.80,89950.00,95.00,24750000.00,106748.6666666666666666666667,60225.3333333333333333333333,232312.0000000000000000000000,222644.3333333333333333333333,,,,,,,
2001-07-01,2001Q3,358376,124059.11,94000.00,100.00,9500000.00,109489.0000000000000000000000,62702.3333333333333333333333,240941.6666666666666666666667,229643.3333333333333333333333,,,,,,,
2001-10-01,2001Q4,329386,119667.22,93000.00,1.00,8640000.00,103064.6666666666666666666667,71084.3333333333333333333333,248545.6666666666666666666667,235991.3333333333333333333333,,,,,,,
2002-01-01,2002Q1,269942,122784.30,95000.00,200.00,7200000.00,123055.0000000000000000000000,77878.3333333333333333333333,279048.6666666666666666666667,268487.3333333333333333333333,,,,,,,
2002-04-01,2002Q2,359298,134069.53,107000.00,200.00,8300000.00,119017.6666666666666666666667,80889.3333333333333333333333,284619.6666666666666666666667,265579.6666666666666666666667,,,,,,,
2002-07-01,2002Q3,381039,145778.67,118000.00,180.00,7600000.00,114374.3333333333333333333333,90991.6666666666666666666667,296113.6666666666666666666667,271421.0000000000000000000000,,,,,,,
2002-10-01,2002Q4,341637,145350.86,120000.00,300.00,7650000.00,117483.3333333333333333333333,107792.6666666666666666666667,330152.0000000000000000000000,299516.3333333333333333333333,,,,,,,
2003-01-01,2003Q1,252459,145599.79,120000.00,200.00,6000000.00,101477.0000000000000000000000,107176.6666666666666666666667,317776.6666666666666666666667,291698.6666666666666666666667,,,,,,,
2003-04-01,2003Q2,288468,149367.20,125000.00,200.00,7625000.00,102346.6666666666666666666667,115456.6666666666666666666667,329600.6666666666666666666667,297254.3333333333333333333333,,,,,,,
2003-07-01,2003Q3,335068,160832.97,133000.00,1100.00,8150000.00,122066.6666666666666666666667,117652.6666666666666666666667,357377.6666666666666666666667,318215.3333333333333333333333,,,,,,,
2003-10-01,2003Q4,359600,163797.75,137500.00,600.00,9250000.00,131138.0000000000000000000000,118935.0000000000000000000000,365439.3333333333333333333333,317364.6666666666666666666667,,,,,,,
2004-01-01,2004Q1,282434,166730.54,139950.00,280.00,92555918.00,125851.6666666666666666666667,105533.6666666666666666666667,336656.6666666666666666666667,296690.0000000000000000000000,,,,,,,
2004-04-01,2004Q2,347465,176143.66,148995.00,595.00,7950000.00,117536.0000000000000000000000,104861.0000000000000000000000,322518.6666666666666666666667,281205.3333333333333333333333,,,,,,,
2004-07-01,2004Q3,340102,188119.73,157500.00,280.00,7500007.00,92894.3333333333333333333333,107685.3333333333333333333333,294060.6666666666666666666667,252539.0000000000000000000000,,,,,,,
2004-10-01,2004Q4,262125,183784.27,155000.00,920.00,7250000.00,81115.0000000000000000000000,94757.3333333333333333333333,255455.0000000000000000000000,218775.6666666666666666666667,,,,,,,
2005-01-01,2005Q1,188770,183298.28,152500.00,1000.00,10500000.00,86534.6666666666666666666667,95188.6666666666666666666667,260699.0000000000000000000000,225763.0000000000000000000000,,,,,,,
2005-04-01,2005Q2,267339,185517.93,155000.00,192.00,7500000.00,95853.0000000000000000000000,96555.6666666666666666666667,272181.6666666666666666666667,230374.0000000000000000000000,,,,,,,
2005-07-01,2005Q3,305677,194490.66,160000.00,2400.00,11250000.00,101812.6666666666666666666667,114078.3333333333333333333333,293262.0000000000000000000000,246727.3333333333333333333333,,,,,,,
2005-10-01,2005Q4,299966,191559.44,160000.00,2600.00,15193950.00,114907.6666666666666666666667,109233.0000000000000000000000,303751.3333333333333333333333,249578.0000000000000000000000,,,,,,,
2006-01-01,2006Q1,263722,192837.28,158000.00,300.00,9500000.00,117105.0000000000000000000000,98871.6666666666666666666667,291092.0000000000000000000000,241192.6666666666666666666667,,,,,,,
2006-04-01,2006Q2,332188,199564.67,164500.00,840.00,8935000.00,114886.0000000000000000000000,97004.3333333333333333333333,286503.0000000000000000000000,243613.6666666666666666666667,,,,,,,
2006-07-01,2006Q3,365679,211029.07,170000.00,100.00,12400000.00,119792.6666666666666666666667,99167.0000000000000000000000,294688.0000000000000000000000,244895.0000000000000000000000,,,,,,,
2006-10-01,2006Q4,364617,207451.44,170000.00,10000.00,9585000.00,124467.6666666666666666666667,104123.3333333333333333333333,307181.3333333333333333333333,249321.3333333333333333333333,,,,,,,
2007-01-01,2007Q1,289667,210246.76,169950.00,300.00,14000000.00,117389.3333333333333333333333,102934.3333333333333333333333,295837.0000000000000000000000,240752.0000000000000000000000,73139020000.000000000000000000,48686784000.000000000000000000,78153808000.000000000000000000,3.745,2.120,47253000.000000000000000000,45909000.000000000000000000
2007-04-01,2007Q2,337433,215867.21,175000.00,200.00,13000000.00,112617.0000000000000000000000,102687.6666666666666666666667,288223.6666666666666666666667,235793.3333333333333333333333,81996015000.000000000000000000,50445319000.000000000000000000,90783695000.000000000000000000,3.786,2.445,50575000.000000000000000000,43028000.000000000000000000
2007-07-01,2007Q3,350330,228961.34,180000.00,1000.00,15250000.00,106608.3333333333333333333333,103242.6666666666666666666667,276892.6666666666666666666667,226049.3333333333333333333333,86174401000.000000000000000000,52490073000.000000000000000000,84547339000.000000000000000000,4.016,2.591,51522000.000000000000000000,42277000.000000000000000000
2007-10-01,2007Q4,295026,221027.80,179000.00,422.00,17000000.00,80006.3333333333333333333333,92572.6666666666666666666667,231504.6666666666666666666667,198859.0000000000000000000000,72284006000.000000000000000000,37963642000.000000000000000000,62764466000.000000000000000000,3.599,2.583,49137000.000000000000000000,44599000.000000000000000000
2008-01-01,2008Q1,183472,218130.57,173000.00,698.00,16800000.00,67625.6666666666666666666667,105136.3333333333333333333333,228721.6666666666666666666667,208460.0000000000000000000000,61301074000.000000000000000000,30531320000.000000000000000000,62023741000.000000000000000000,2.643,2.558,36195000.000000000000000000,56274000.000000000000000000
2008-04-01,2008Q2,192832,219340.88,175000.00,470.00,23500000.00,44346.0000000000000000000000,91431.3333333333333333333333,181360.0000000000000000000000,165475.3333333333333333333333,61027598000.000000000000000000,28404699000.000000000000000000,61001377000.000000000000000000,2.367,2.497,38140000.000000000000000000,54552000.000000000000000000
2008-07-01,2008Q3,147399,223744.09,173000.00,200.00,15000000.00,32652.6666666666666666666667,68713.6666666666666666666667,140712.3333333333333333333333,134097.0000000000000000000000,54143759000.000000000000000000,21177008000.000000000000000000,44795610000.000000000000000000,1.695,2.433,32874000.000000000000000000,59816000.000000000000000000
2008-10-01,2008Q4,125994,204626.76,161000.00,450.00,53803654.00,29867.0000000000000000000000,49413.3333333333333333333333,111375.0000000000000000000000,108134.3333333333333333333333,39845501000.000000000000000000,14441386000.000000000000000000,33943607000.000000000000000000,0.990,2.437,34233000.000000000000000000,57572000.000000000000000000
2009-01-01,2009Q1,93269,197983.20,156000.00,425.00,12500000.00,38427.6666666666666666666667,31971.0000000000000000000000,102453.3333333333333333333333,99192.0000000000000000000000,29713315000.000000000000000000,8230153000.000000000000000000,26857956000.000000000000000000,0.744,2.415,33561000.000000000000000000,55517000.000000000000000000
2009-04-01,2009Q2,141911,203202.49,162500.00,1000.00,12200000.00,47850.6666666666666666666667,32634.6666666666666666666667,109442.0000000000000000000000,105941.6666666666666666666667,30896525000.000000000000000000,11246935000.000000000000000000,36556706000.000000000000000000,0.438,2.356,48527000.000000000000000000,41571000.000000000000000000
2009-07-01,2009Q3,182311,222990.64,174950.00,275.00,8250000.00,53877.0000000000000000000000,28801.0000000000000000000000,109952.0000000000000000000000,107872.3333333333333333333333,37430923000.000000000000000000,12382571000.000000000000000000,36142743000.000000000000000000,0.344,2.198,55497000.000000000000000000,36042000.000000000000000000
2009-10-01,2009Q4,207866,218915.82,172000.00,2000.00,13800000.00,57061.3333333333333333333333,24836.0000000000000000000000,109146.3333333333333333333333,104441.3333333333333333333333,38200225000.000000000000000000,13233355000.000000000000000000,33306404000.000000000000000000,0.336,2.266,60529000.000000000000000000,31618000.000000000000000000
2010-01-01,2010Q1,131469,233884.02,182500.00,3381.00,16000000.00,47860.6666666666666666666667,26735.6666666666666666666667,99670.3333333333333333333333,94961.0000000000000000000000,29393162000.000000000000000000,8717498000.000000000000000000,31014551000.000000000000000000,0.366,2.189,55489000.000000000000000000,35714000.000000000000000000
2010-04-01,2010Q2,169284,230799.46,180000.00,100.00,12000000.00,49916.3333333333333333333333,26977.6666666666666666666667,101900.3333333333333333333333,98422.0000000000000000000000,33366090000.000000000000000000,10320634000.000000000000000000,37571878000.000000000000000000,0.404,2.178,59136000.000000000000000000,32562000.000000000000000000
2010-07-01,2010Q3,188591,246016.58,186000.00,2000.00,15500000.00,47592.3333333333333333333333,27992.0000000000000000000000,99522.0000000000000000000000,94657.0000000000000000000000,37621350000.000000000000000000,12811972000.000000000000000000,35137046000.000000000000000000,0.376,2.110,61792000.000000000000000000,30414000.000000000000000000
2010-10-01,2010Q4,173981,232181.69,179995.00,4880.00,16200000.00,44909.3333333333333333333333,30783.6666666666666666666667,97255.6666666666666666666667,90393.6666666666666666666667,33413235000.000000000000000000,6635142000.000000000000000000,31441401000.000000000000000000,0.333,2.067,58066000.000000000000000000,33947000.000000000000000000
2011-01-01,2011Q1,125621,234328.39,173000.00,160.00,21000000.00,46247.3333333333333333333333,34682.3333333333333333333333,101375.0000000000000000000000,94173.0000000000000000000000,29644368000.000000000000000000,5153652000.000000000000000000,31769440000.000000000000000000,0.334,2.013,50337000.000000000000000000,41975000.000000000000000000
2011-04-01,2011Q2,159266,227696.08,175000.00,100.00,13000000.00,47509.0000000000000000000000,29808.3333333333333333333333,97670.6666666666666666666667,91823.3333333333333333333333,32788210000.000000000000000000,10453902000.000000000000000000,35527608000.000000000000000000,0.361,1.985,55763000.000000000000000000,36901000.000000000000000000
2011-07-01,2011Q3,192353,240548.44,180000.00,1171.00,19250000.00,51572.6666666666666666666667,32889.3333333333333333333333,105393.0000000000000000000000,98483.6666666666666666666667,39171909000.000000000000000000,9917534000.000000000000000000,37586351000.000000000000000000,0.374,1.992,57394000.000000000000000000,35912000.000000000000000000
2011-10-01,2011Q4,184006,228165.40,175500.00,1483.00,73206100.00,51814.3333333333333333333333,31703.3333333333333333333333,104046.6666666666666666666667,96542.0000000000000000000000,35655642000.000000000000000000,6754647000.000000000000000000,33239770000.000000000000000000,0.373,1.893,58043000.000000000000000000,35357000.000000000000000000
2012-01-01,2012Q1,151627,226551.60,175000.00,1900.00,54959000.00,52418.3333333333333333333333,30298.3333333333333333333333,101740.0000000000000000000000,94024.6666666666666666666667,32076906000.000000000000000000,4895385000.000000000000000000,32678605000.000000000000000000,0.297,1.873,55838000.000000000000000000,36901000.000000000000000000
2012-04-01,2012Q2,157363,238406.67,180000.00,100.00,25533000.00,49698.0000000000000000000000,28248.3333333333333333333333,95130.0000000000000000000000,89924.6666666666666666666667,32450499000.000000000000000000,6371781000.000000000000000000,35475703000.000000000000000000,0.276,1.859,58713000.000000000000000000,34426000.000000000000000000
2012-07-01,2012Q3,178869,249353.70,185500.00,1000.00,27000000.00,48563.6666666666666666666667,26384.3333333333333333333333,90764.6666666666666666666667,84647.6666666666666666666667,34951000000.000000000000000000,7453000000.000000000000000000,31923000000.000000000000000000,0.260,1.810,63100000.000000000000000000,30130000.000000000000000000
2012-10-01,2012Q4,181099,237518.15,180000.00,400.00,20500000.00,53303.3333333333333333333333,28336.0000000000000000000000,96114.0000000000000000000000,88485.0000000000000000000000,34428135000.000000000000000000,5665464000.000000000000000000,32115540000.000000000000000000,0.303,1.735,62718000.000000000000000000,31042000.000000000000000000
2013-01-01,2013Q1,143974,238380.05,178500.00,440.00,29350000.00,53125.0000000000000000000000,28458.6666666666666666666667,94905.0000000000000000000000,88085.3333333333333333333333,29335989000.000000000000000000,2564480000.000000000000000000,30973242000.000000000000000000,0.268,1.730,58866000.000000000000000000,33382000.000000000000000000
2013-04-01,2013Q2,184997,241670.34,180000.00,900.00,24250000.00,58005.6666666666666666666667,32364.0000000000000000000000,103452.0000000000000000000000,96994.0000000000000000000000,36083721000.000000000000000000,6054642000.000000000000000000,41811772000.000000000000000000,0.215,1.690,60625000.000000000000000000,32025000.000000000000000000
2013-07-01,2013Q3,227083,263178.43,190000.00,247.00,94390560.00,63599.0000000000000000000000,35015.6666666666666666666667,111591.3333333333333333333333,103393.3333333333333333333333,43027189000.000000000000000000,8021160000.000000000000000000,43266777000.000000000000000000,0.202,1.640,63833000.000000000000000000,29920000.000000000000000000
2013-10-01,2013Q4,255092,273082.44,185000.00,100.00,92000000.00,70273.0000000000000000000000,34847.3333333333333333333333,118295.3333333333333333333333,110334.6666666666666666666667,44342579000.000000000000000000,9090186000.000000000000000000,42662648000.000000000000000000,0.199,1.530,64174000.000000000000000000,29999000.000000000000000000
2014-01-01,2014Q1,213227,272226.54,183000.00,200.00,125000000.00,70807.3333333333333333333333,34427.3333333333333333333333,118132.0000000000000000000000,109306.3333333333333333333333,39667472000.000000000000000000,6684120000.000000000000000000,41367042000.000000000000000000,0.215,1.252,61575000.000000000000000000,31687000.000000000000000000
2014-04-01,2014Q2,246397,277421.07,188000.00,100.00,96000000.00,65049.6666666666666666666667,31048.0000000000000000000000,106478.3333333333333333333333,99312.3333333333333333333333,43830982000.000000000000000000,8902930000.000000000000000000,44947036000.000000000000000000,0.205,1.219,66140000.000000000000000000,27659000.000000000000000000
2014-07-01,2014Q3,268616,287457.62,198000.00,100.00,86500000.00,64764.6666666666666666666667,32337.0000000000000000000000,107152.0000000000000000000000,98098.0000000000000000000000,47058994000.000000000000000000,10242686000.000000000000000000,44727293000.000000000000000000,0.215,1.180,67852000.000000000000000000,26532000.000000000000000000
2014-10-01,2014Q4,256911,281371.05,195000.00,100.00,132500000.00,60050.0000000000000000000000,32333.0000000000000000000000,101944.3333333333333333333333,92340.6666666666666666666667,42750087000.000000000000000000,7281571000.000000000000000000,38049542000.000000000000000000,0.239,1.134,66799000.000000000000000000,27306000.000000000000000000
2015-01-01,2015Q1,200888,288643.25,194000.00,100.00,92500000.00,61063.6666666666666666666667,32762.3333333333333333333333,103353.3333333333333333333333,93631.0000000000000000000000,36813337000.000000000000000000,4581851000.000000000000000000,38792482000.000000000000000000,0.205,1.110,60461000.000000000000000000,32169000.000000000000000000
2015-04-01,2015Q2,243977,288872.69,199950.00,150.00,141067995.00,67503.6666666666666666666667,37577.0000000000000000000000,116225.6666666666666666666667,108712.6666666666666666666667,42990153000.000000000000000000,8121777000.000000000000000000,48986769000.000000000000000000,0.212,1.014,62821000.000000000000000000,30452000.000000000000000000
2015-07-01,2015Q3,281615,305961.34,210000.00,100.00,96652091.00,71414.0000000000000000000000,40871.3333333333333333333333,124182.6666666666666666666667,115011.3333333333333333333333,50962941000.000000000000000000,11076826000.000000000000000000,52370037000.000000000000000000,0.200,0.955,66010000.000000000000000000,27838000.000000000000000000
2015-10-01,2015Q4,285111,302670.06,210000.00,100.00,225000000.00,70599.0000000000000000000000,40544.0000000000000000000000,123616.6666666666666666666667,113304.6666666666666666666667,51715687000.000000000000000000,11533145000.000000000000000000,47878629000.000000000000000000,0.277,0.927,64782000.000000000000000000,29076000.000000000000000000
2016-01-01,2016Q1,287740,297868.59,207000.00,100.00,74937156.00,71696.3333333333333333333333,41557.0000000000000000000000,126217.3333333333333333333333,116348.3333333333333333333333,49168827000.000000000000000000,8261467000.000000000000000000,48459794000.000000000000000000,0.266,0.818,61990000.000000000000000000,31228000.000000000000000000
2016-04-01,2016Q2,214269,300816.03,215000.00,1.00,96840522.00,67389.0000000000000000000000,44052.6666666666666666666667,124508.0000000000000000000000,117076.3333333333333333333333,49451519000.000000000000000000,11769157000.000000000000000000,58911601000.000000000000000000,0.288,0.821,58485000.000000000000000000,33890000.000000000000000000
2016-07-01,2016Q3,272365,310697.54,218000.00,100.00,140000000.00,62769.0000000000000000000000,43078.6666666666666666666667,118744.0000000000000000000000,111942.0000000000000000000000,55154118000.000000000000000000,13074949000.000000000000000000,52316537000.000000000000000000,0.280,0.766,61704000.000000000000000000,31812000.000000000000000000
2016-10-01,2016Q4,271898,343724.84,217999.50,100.00,370000000.00,68207.3333333333333333333333,46211.3333333333333333333333,128159.0000000000000000000000,120650.6666666666666666666667,53377318000.000000000000000000,11077445000.000000000000000000,52295012000.000000000000000000,0.252,0.731,61391000.000000000000000000,31574000.000000000000000000
2017-01-01,2017Q1,236467,342531.12,215000.00,100.00,257240000.00,68052.3333333333333333333333,44451.0000000000000000000000,126493.3333333333333333333333,120093.3333333333333333333333,51312766000.000000000000000000,9530479000.000000000000000000,53528099000.000000000000000000,0.244,0.712,55632000.000000000000000000,36765000.000000000000000000
2017-04-01,2017Q2,263539,342382.19,221000.00,100.00,280000000.00,66183.0000000000000000000000,44478.3333333333333333333333,124439.6666666666666666666667,116433.0000000000000000000000,54399547000.000000000000000000,12093575000.000000000000000000,60556964000.000000000000000000,0.294,0.692,61935000.000000000000000000,31647000.000000000000000000
2017-07-01,2017Q3,286312,349831.42,230000.00,100.00,594300000.00,67253.6666666666666666666667,46986.0000000000000000000000,128391.3333333333333333333333,119225.0000000000000000000000,61577351000.000000000000000000,16140568000.000000000000000000,59968336000.000000000000000000,0.294,0.678,61692000.000000000000000000,32300000.000000000000000000
2017-10-01,2017Q4,281168,351812.25,225000.00,100.00,300000000.00,64378.0000000000000000000000,51147.6666666666666666666667,129562.3333333333333333333333,121557.0000000000000000000000,60075196000.000000000000000000,12851121000.000000000000000000,56304081000.000000000000000000,0.347,0.645,60229000.000000000000000000,33646000.000000000000000000
2018-01-01,2018Q1,227712,354423.31,224950.00,100.00,569200000.00,63974.3333333333333333333333,46650.3333333333333333333333,124533.6666666666666666666667,115713.6666666666666666666667,53541309000.000000000000000000,9287589000.000000000000000000,52709025000.000000000000000000,0.325,0.637,54996000.000000000000000000,38099000.000000000000000000
2018-04-01,2018Q2,252059,343852.92,227000.00,100.00,325169089.00,64784.3333333333333333333333,49904.6666666666666666666667,128325.0000000000000000000000,117645.3333333333333333333333,58083805000.000000000000000000,13818277000.000000000000000000,64484456000.000000000000000000,0.656,0.623,57919000.000000000000000000,35239000.000000000000000000
2018-07-01,2018Q3,276346,359171.65,235000.00,100.00,448500000.00,65857.0000000000000000000000,48880.0000000000000000000000,129751.3333333333333333333333,119157.3333333333333333333333,64827490000.000000000000000000,13808476000.000000000000000000,64182163000.000000000000000000,0.666,0.629,59385000.000000000000000000,34384000.000000000000000000
2018-10-01,2018Q4,281422,348665.90,230000.00,100.00,302000000.00,65838.0000000000000000000000,48883.0000000000000000000000,128711.3333333333333333333333,118548.6666666666666666666667,63898164000.000000000000000000,13830063000.000000000000000000,59104729000.000000000000000000,0.684,0.654,58574000.000000000000000000,35344000.000000000000000000
2019-01-01,2019Q1,221903,367603.53,225000.00,100.00,494400000.00,63804.0000000000000000000000,48890.6666666666666666666667,127457.3333333333333333333333,118786.0000000000000000000000,54692191000.000000000000000000,9336487000.000000000000000000,55240385000.000000000000000000,0.674,0.674,53966000.000000000000000000,38623000.000000000000000000
2019-04-01,2019Q2,244555,341674.18,230000.00,100.00,411500000.00,66037.6666666666666666666667,48204.6666666666666666666667,128730.0000000000000000000000,119492.3333333333333333333333,57106474000.000000000000000000,12700160000.000000000000000000,64093072000.000000000000000000,0.605,0.684,58462000.000000000000000000,33919000.000000000000000000
2019-07-01,2019Q3,269629,360185.00,238000.00,100.00,262890000.00,66509.3333333333333333333333,48668.3333333333333333333333,129416.3333333333333333333333,121108.3333333333333333333333,63980858000.000000000000000000,15465359000.000000000000000000,63705940000.000000000000000000,0.632,0.688,61039000.000000000000000000,31805000.000000000000000000
2019-10-01,2019Q4,275902,352654.95,235000.00,100.00,542540820.00,66782.0000000000000000000000,50134.3333333333333333333333,131156.6666666666666666666667,122537.0000000000000000000000,64151514000.000000000000000000,14208405000.000000000000000000,60871867000.000000000000000000,0.705,0.697,59754000.000000000000000000,33212000.000000000000000000
2020-01-01,2020Q1,218313,359579.21,235000.00,1.00,400000000.00,65755.6666666666666666666667,48946.3333333333333333333333,128406.6666666666666666666667,120077.6666666666666666666667,56369748000.000000000000000000,9459415000.000000000000000000,57927042000.000000000000000000,0.673,0.698,54886000.000000000000000000,37235000.000000000000000000
2020-04-01,2020Q2,130743,356372.99,230000.00,100.00,303470000.00,21885.6666666666666666666667,33449.6666666666666666666667,62042.3333333333333333333333,54765.0000000000000000000000,37614010000.000000000000000000,2702611000.000000000000000000,29331142000.000000000000000000,0.561,0.697,48865000.000000000000000000,44097000.000000000000000000
2020-07-01,2020Q3,227436,388787.51,250000.00,100.00,286000000.00,81475.6666666666666666666667,33582.3333333333333333333333,126361.6666666666666666666667,118082.0000000000000000000000,54466139000.000000000000000000,12441254000.000000000000000000,69522490000.000000000000000000,0.483,0.683,64195000.000000000000000000,28457000.000000000000000000
2020-10-01,2020Q4,320595,384376.44,265000.00,100.00,366180000.00,103845.3333333333333333333333,34860.6666666666666666666667,152349.0000000000000000000000,139487.6666666666666666666667,67829687000.000000000000000000,18724240000.000000000000000000,77510084000.000000000000000000,0.408,0.666,72286000.000000000000000000,20614000.000000000000000000
2021-01-01,2021Q1,346559,397985.23,285000.00,100.00,900000000.00,87531.6666666666666666666667,34311.3333333333333333333333,135818.3333333333333333333333,124335.3333333333333333333333,73248597000.000000000000000000,19759656000.000000000000000000,67629923000.000000000000000000,0.406,0.640,73040000.000000000000000000,20250000.000000000000000000
2021-04-01,2021Q2,380483,399481.91,290000.00,100.00,421364142.00,83667.6666666666666666666667,34315.0000000000000000000000,131475.3333333333333333333333,120497.6666666666666666666667,78715313000.000000000000000000,25914587000.000000000000000000,76774153000.000000000000000000,0.453,0.608,75366000.000000000000000000,18527000.000000000000000000
2021-07-01,2021Q3,302336,362519.59,245000.00,1.00,523000000.00,71276.3333333333333333333333,39336.3333333333333333333333,123770.0000000000000000000000,115201.3333333333333333333333,64485158000.000000000000000000,15339843000.000000000000000000,69317408000.000000000000000000,0.449,0.558,67255000.000000000000000000,25879000.000000000000000000
2021-10-01,2021Q4,251546,394799.80,250000.00,100.00,292000000.00,70012.3333333333333333333333,45324.6666666666666666666667,130426.0000000000000000000000,121928.0000000000000000000000,61758081000.000000000000000000,12056419000.000000000000000000,67315297000.000000000000000000,0.478,0.581,60483000.000000000000000000,31663000.000000000000000000
2022-01-01,2022Q1,248083,400353.28,265000.00,100.00,160283075.00,70356.3333333333333333333333,48140.3333333333333333333333,135135.0000000000000000000000,127188.3333333333333333333333,66286146000.000000000000000000,16237393000.000000000000000000,70856728000.000000000000000000,0.468,0.569,58928000.000000000000000000,33289000.000000000000000000
2022-04-01,2022Q2,259087,410896.25,275000.00,100.00,429000000.00,65227.6666666666666666666667,45175.3333333333333333333333,124538.3333333333333333333333,112801.0000000000000000000000,67090371000.000000000000000000,17280069000.000000000000000000,73145953000.000000000000000000,0.496,0.532,61101000.000000000000000000,31127000.000000000000000000
2022-07-01,2022Q3,287233,431712.60,290000.00,1.00,480000000.00,66425.0000000000000000000000,48994.3333333333333333333333,129120.0000000000000000000000,121458.3333333333333333333333,74833017000.000000000000000000,19985071000.000000000000000000,76515300000.000000000000000000,0.486,0.526,64544000.000000000000000000,28342000.000000000000000000
2022-10-01,2022Q4,281223,412160.55,290000.00,100.00,243970000.00,48517.6666666666666666666667,36918.0000000000000000000000,94444.6666666666666666666667,89773.3333333333333333333333,71595730000.000000000000000000,13045063000.000000000000000000,51869676000.000000000000000000,0.501,0.525,63200000.000000000000000000,30863000.000000000000000000
2023-01-01,2023Q1,208679,401918.18,272250.00,100.00,201146664.00,44661.3333333333333333333333,28471.3333333333333333333333,80480.3333333333333333333333,75530.0000000000000000000000,52619421000.000000000000000000,1979205000.000000000000000000,42918115000.000000000000000000,0.407,0.499,56130000.000000000000000000,38435000.000000000000000000
2023-04-01,2023Q2,197236,414153.98,274500.00,1.00,267500000.00,51639.0000000000000000000000,34979.0000000000000000000000,95140.3333333333333333333333,86748.6666666666666666666667,47651986000.000000000000000000,2454436000.000000000000000000,54442887000.000000000000000000,0.519,0.509,59497000.000000000000000000,34989000.000000000000000000
2023-07-01,2023Q3,230159,408999.84,282500.00,100.00,251000000.00,45988.0000000000000000000000,28251.3333333333333333333333,81385.6666666666666666666667,75011.6666666666666666666667,56662907000.000000000000000000,5189476000.000000000000000000,45640956000.000000000000000000,0.534,0.498,63275000.000000000000000000,32008000.000000000000000000
2023-10-01,2023Q4,223152,399515.56,275000.00,100.00,132036715.00,50062.0000000000000000000000,26926.6666666666666666666667,84149.6666666666666666666667,78169.0000000000000000000000,48925679000.000000000000000000,3705064000.000000000000000000,42179792000.000000000000000000,0.553,0.497,64585000.000000000000000000,30383000.000000000000000000
2024-01-01,2024Q1,191576,398044.37,270000.00,1.00,164300000.00,59286.0000000000000000000000,33770.6666666666666666666667,102269.6666666666666666666667,95780.0000000000000000000000,47084609000.000000000000000000,429852000.000000000000000000,54889521000.000000000000000000,0.588,0.446,59802000.000000000000000000,34624000.000000000000000000
2024-04-01,2024Q2,218024,392374.80,276000.00,100.00,90000000.00,61458.3333333333333333333333,28464.6666666666666666666667,99298.6666666666666666666667,91336.0000000000000000000000,54558865000.000000000000000000,8544906000.000000000000000000,61191245000.000000000000000000,0.649,0.450,63461000.000000000000000000,31279000.000000000000000000
2024-07-01,2024Q3,248745,401268.20,287000.00,1.00,185000000.00,64089.3333333333333333333333,27978.3333333333333333333333,101315.6666666666666666666667,96141.3333333333333333333333,60131369000.000000000000000000,12111245000.000000000000000000,60437041000.000000000000000000,0.672,0.444,70234000.000000000000000000,24636000.000000000000000000
2024-10-01,2024Q4,265669,397677.23,285000.00,100.00,162000000.00,66661.3333333333333333333333,31748.6666666666666666666667,108625.0000000000000000000000,103250.6666666666666666666667,62808960000.000000000000000000,12770870000.000000000000000000,63128836000.000000000000000000,0.690,0.433,69628000.000000000000000000,25502000.000000000000000000
2025-01-01,2025Q1,282250,392120.29,300000.00,1.00,190498163.00,65395.3333333333333333333333,33420.6666666666666666666667,109872.6666666666666666666667,105695.0000000000000000000000,71033959000.000000000000000000,21023899000.000000000000000000,62403259000.000000000000000000,0.653,0.432,72424000.000000000000000000,22934000.000000000000000000
2025-04-01,2025Q2,157047,366061.21,262500.00,1.00,81370000.00,62989.0000000000000000000000,39462.3333333333333333333333,114545.3333333333333333333333,105882.0000000000000000000000,53066284000.000000000000000000,7981445000.000000000000000000,71892034000.000000000000000000,0.968,0.401,62065000.000000000000000000,31704000.000000000000000000
2025-07-01,2025Q3,196795,382992.82,283000.00,100.00,793020000.00,65039.0000000000000000000000,37880.0000000000000000000000,115780.3333333333333333333333,109847.0000000000000000000000,73592296000.000000000000000000,17365274000.000000000000000000,72158922000.000000000000000000,0.722,0.405,64095000.000000000000000000,30900000.000000000000000000
2025-10-01,2025Q4,167584,351168.74,280000.00,100.00,260000000.00,63219.6666666666666666666667,36232.0000000000000000000000,112983.3333333333333333333333,107733.6666666666666666666667,,,,,,,
2026-01-01,2026Q1,54960,357280.62,280000.00,295.00,66325000.00,61291.5000000000000000000000,39626.5000000000000000000000,115393.5000000000000000000000,111922.5000000000000000000000,,,,,,,
